"행정동_코드_명","유동인구_20대비율","상주인구_20대비율","유동인구_순위","상주인구_순위","전체_행정동_수","혜화동여부"
이문1동,46.62,38.23,1,3,397,0
신촌동,45.44,38.13,2,4,397,0
사근동,43.15,39.47,3,1,397,0
화양동,42.05,35.64,4,7,397,0
회기동,40.77,33.04,5,12,397,0
휘경1동,39.32,35.80,6,6,397,0
휘경2동,38.17,33.53,7,10,397,0
노량진1동,36.75,28.78,8,18,397,0
혜화동,36.44,27.23,9,26,397,1
신림동,35.57,33.80,10,9,397,0
안암동,35.53,34.34,11,8,397,0
청룡동,33.64,38.88,12,2,397,0
서교동,33.31,20.45,13,58,397,0
낙성대동,32.79,27.70,14,25,397,0
대학동,32.18,27.90,15,21,397,0
서강동,30.91,28.19,16,20,397,0
서원동,30.64,29.87,17,14,397,0
군자동,29.55,25.09,18,29,397,0
연남동,28.31,19.21,19,75,397,0
대흥동,28.01,21.64,20,48,397,0
서림동,27.50,24.60,21,30,397,0
동선동,27.07,27.72,22,24,397,0
공릉2동,27.05,37.14,23,5,397,0
서초2동,26.92,18.06,24,89,397,0
상도1동,26.68,29.70,25,15,397,0
중앙동,26.47,23.59,26,33,397,0
행당1동,26.40,25.64,27,28,397,0
신원동,26.20,22.50,28,42,397,0
정릉3동,26.14,21.59,29,49,397,0
행운동,25.95,25.73,30,27,397,0
장충동,25.87,22.82,31,39,397,0
신수동,25.23,21.57,32,50,397,0
연희동,24.82,23.05,33,36,397,0
이태원1동,24.54,13.23,34,275,397,0
흑석동,24.37,22.40,35,43,397,0
인헌동,23.37,22.78,36,40,397,0
가산동,23.34,31.35,37,13,397,0
논현1동,23.22,16.89,38,111,397,0
송정동,23.12,16.12,39,134,397,0
월곡2동,22.93,27.86,40,22,397,0
영등포동,22.91,28.93,41,17,397,0
구로3동,22.80,28.52,42,19,397,0
월계1동,22.63,20.01,43,64,397,0
성수2가3동,22.60,17.32,44,101,397,0
청파동,22.38,19.38,45,70,397,0
신사동,22.23,20.33,46,59,397,0
전농1동,22.01,17.50,47,99,397,0
공릉1동,21.97,23.04,48,37,397,0
제기동,21.92,18.41,49,83,397,0
남가좌2동,21.87,18.75,51,79,397,0
노량진2동,21.87,15.34,50,162,397,0
삼선동,21.83,20.28,52,60,397,0
합정동,21.65,17.00,53,106,397,0
조원동,21.56,22.56,54,41,397,0
압구정동,21.48,13.85,55,236,397,0
홍은2동,21.46,16.27,56,130,397,0
수유3동,21.26,17.54,57,96,397,0
역삼1동,21.18,18.18,59,87,397,0
성수1가2동,21.18,16.31,58,126,397,0
보라매동,20.85,18.54,60,81,397,0
필동,20.77,15.03,61,178,397,0
하계1동,20.67,21.70,62,47,397,0
사당1동,20.55,19.28,63,71,397,0
삼성동,20.49,10.88,64,380,397,0
방이2동,20.45,19.15,65,77,397,0
잠원동,20.45,16.71,66,114,397,0
상암동,20.38,24.04,67,31,397,0
당산2동,20.23,27.74,68,23,397,0
왕십리도선동,20.11,21.31,69,52,397,0
능동,20.02,17.52,70,98,397,0
용답동,19.86,13.65,71,252,397,0
광희동,19.82,19.91,72,66,397,0
명동,19.65,12.78,73,302,397,0
구의1동,19.15,20.14,74,61,397,0
이화동,19.14,17.75,75,92,397,0
망원1동,19.06,15.39,76,158,397,0
자양4동,18.98,14.83,77,186,397,0
반포1동,18.95,17.80,78,91,397,0
신대방1동,18.93,17.22,79,102,397,0
논현2동,18.91,15.59,80,150,397,0
왕십리2동,18.85,16.72,81,113,397,0
독산1동,18.83,21.25,83,53,397,0
한강로동,18.83,15.17,82,173,397,0
종로1·2·3·4가동,18.82,12.69,84,308,397,0
자양1동,18.78,16.71,85,115,397,0
상봉2동,18.75,18.15,86,88,397,0
종암동,18.72,18.65,87,80,397,0
용신동,18.69,21.74,88,45,397,0
원효로1동,18.44,21.54,89,51,397,0
대방동,18.29,20.09,90,62,397,0
양평2동,18.06,17.02,91,105,397,0
송파1동,18.04,16.41,92,123,397,0
남현동,17.99,20.53,93,56,397,0
은천동,17.98,23.49,94,34,397,0
상도3동,17.98,18.40,95,84,397,0
성수2가1동,17.93,13.27,96,272,397,0
화곡6동,17.91,21.70,97,46,397,0
염리동,17.74,22.28,98,44,397,0
정릉4동,17.59,15.07,99,175,397,0
중곡1동,17.58,14.93,100,182,397,0
당산1동,17.44,20.50,101,57,397,0
성산2동,17.35,23.73,102,32,397,0
보문동,17.35,17.84,103,90,397,0
역삼2동,17.30,15.11,104,174,397,0
갈현1동,17.27,15.80,105,140,397,0
소공동,17.26,5.95,106,396,397,0
여의동,17.23,12.68,107,311,397,0
남영동,17.19,11.44,108,372,397,0
가양1동,17.14,33.31,109,11,397,0
오류1동,17.14,21.04,110,54,397,0
신당동,17.09,16.73,111,112,397,0
한남동,16.80,11.41,112,374,397,0
신대방2동,16.78,17.12,113,104,397,0
번1동,16.72,15.43,114,156,397,0
문정2동,16.65,29.55,115,16,397,0
미아동,16.61,15.39,116,159,397,0
화곡1동,16.58,16.51,117,120,397,0
삼성2동,16.57,15.35,118,161,397,0
신길1동,16.56,19.00,119,78,397,0
청담동,16.52,14.20,120,212,397,0
용산2가동,16.40,13.45,121,264,397,0
종로5·6가동,16.38,23.01,122,38,397,0
방배2동,16.38,16.14,123,133,397,0
상도2동,16.37,19.23,124,73,397,0
성북동,16.34,15.66,125,146,397,0
황학동,16.30,19.58,126,69,397,0
성수1가1동,16.25,15.62,127,147,397,0
불광1동,16.24,19.17,128,76,397,0
서초3동,16.21,16.45,129,122,397,0
잠실본동,16.09,16.34,130,124,397,0
사당4동,16.06,17.52,131,97,397,0
상계2동,15.93,16.16,132,132,397,0
이태원2동,15.93,13.36,133,267,397,0
성산1동,15.86,15.22,134,167,397,0
숭인2동,15.83,16.92,135,109,397,0
등촌1동,15.74,16.31,136,125,397,0
삼청동,15.74,10.39,137,386,397,0
창신1동,15.71,12.21,138,345,397,0
을지로동,15.70,11.48,139,370,397,0
다산동,15.68,15.46,140,155,397,0
석관동,15.67,14.94,141,181,397,0
목3동,15.61,19.69,142,67,397,0
미성동,15.61,16.30,143,128,397,0
문정1동,15.55,15.41,144,157,397,0
양평1동,15.50,17.69,145,93,397,0
천호3동,15.45,17.66,147,95,397,0
서초1동,15.45,14.69,146,191,397,0
이문2동,15.43,20.04,149,63,397,0
월계2동,15.43,18.42,148,82,397,0
방화2동,15.41,15.88,150,136,397,0
화곡8동,15.39,14.43,151,203,397,0
도화동,15.35,15.77,152,141,397,0
독산3동,15.30,14.97,153,180,397,0
도곡2동,15.26,14.59,154,197,397,0
쌍문3동,15.23,15.60,155,149,397,0
구로5동,15.19,20.00,157,65,397,0
공덕동,15.19,19.22,156,74,397,0
충현동,15.18,19.68,158,68,397,0
상계10동,15.17,14.81,160,187,397,0
망원2동,15.17,14.59,159,196,397,0
도곡1동,15.15,16.58,161,118,397,0
사직동,15.14,12.34,162,336,397,0
효창동,15.08,16.92,163,108,397,0
북가좌2동,15.04,14.35,164,207,397,0
사당2동,15.02,15.20,165,171,397,0
신길7동,14.98,15.87,166,137,397,0
창신2동,14.97,13.16,167,277,397,0
보광동,14.96,13.90,168,229,397,0
대조동,14.92,15.76,169,142,397,0
가리봉동,14.84,13.89,170,233,397,0
면목3·8동,14.73,13.92,171,226,397,0
마장동,14.69,15.20,172,170,397,0
북아현동,14.66,13.52,173,263,397,0
석촌동,14.60,14.85,174,185,397,0
사당5동,14.60,14.57,175,198,397,0
삼전동,14.58,15.21,177,169,397,0
잠실6동,14.58,11.49,176,369,397,0
삼성1동,14.49,12.76,178,304,397,0
면목본동,14.48,14.23,179,211,397,0
구의3동,14.45,16.61,180,117,397,0
화곡본동,14.44,15.23,181,166,397,0
묵1동,14.40,14.72,182,189,397,0
목2동,14.35,15.56,183,151,397,0
장안1동,14.31,14.33,184,208,397,0
오류2동,14.29,11.09,186,376,397,0
문래동,14.29,10.81,185,382,397,0
대치2동,14.27,12.62,187,313,397,0
창1동,14.25,14.99,188,179,397,0
양재2동,14.24,14.10,189,216,397,0
방배1동,14.24,13.67,190,248,397,0
장위2동,14.22,13.54,191,262,397,0
가회동,14.21,11.04,192,377,397,0
신길6동,14.16,17.33,195,100,397,0
용문동,14.16,15.52,193,153,397,0
수유1동,14.16,13.31,194,270,397,0
중곡2동,14.15,15.03,196,177,397,0
양재1동,14.14,12.96,197,287,397,0
청구동,14.12,19.28,198,72,397,0
동화동,14.11,12.32,199,338,397,0
신당5동,14.08,14.27,200,210,397,0
약수동,14.01,16.00,202,135,397,0
후암동,14.01,13.60,201,257,397,0
대치4동,13.99,17.12,203,103,397,0
상계6·7동,13.99,16.29,204,129,397,0
영등포본동,13.98,12.39,205,333,397,0
등촌3동,13.97,13.93,206,225,397,0
쌍문1동,13.91,13.90,208,230,397,0
중림동,13.91,13.72,207,244,397,0
상도4동,13.90,15.74,209,145,397,0
우장산동,13.87,13.59,210,259,397,0
신정4동,13.86,14.69,211,190,397,0
교남동,13.86,13.00,212,286,397,0
원효로2동,13.83,16.31,213,127,397,0
녹번동,13.81,12.81,214,301,397,0
송중동,13.78,13.08,215,281,397,0
우이동,13.77,12.40,216,332,397,0
청운효자동,13.73,12.23,217,343,397,0
정릉2동,13.72,13.15,218,279,397,0
수유2동,13.70,13.90,219,228,397,0
숭인1동,13.69,11.77,220,360,397,0
갈현2동,13.66,14.66,221,193,397,0
광장동,13.65,13.28,222,271,397,0
천호2동,13.62,13.67,223,250,397,0
염창동,13.52,20.58,224,55,397,0
성내2동,13.51,15.52,226,152,397,0
독산2동,13.51,13.78,225,238,397,0
구의2동,13.49,12.92,227,292,397,0
망우3동,13.44,13.55,228,260,397,0
중곡3동,13.42,14.49,230,201,397,0
응암3동,13.42,13.62,229,256,397,0
가양3동,13.37,8.38,231,392,397,0
가락본동,13.36,15.03,232,176,397,0
독산4동,13.30,12.82,233,300,397,0
상봉1동,13.29,13.95,234,224,397,0
성내3동,13.28,14.09,235,218,397,0
일원1동,13.26,16.68,236,116,397,0
난곡동,13.26,13.90,237,231,397,0
화곡3동,13.23,15.30,238,163,397,0
등촌2동,13.22,15.61,239,148,397,0
불광2동,13.19,13.67,240,247,397,0
시흥1동,13.18,14.42,241,204,397,0
홍제1동,13.18,13.36,242,266,397,0
면목2동,13.16,13.20,243,276,397,0
자양2동,13.15,14.69,244,192,397,0
중화2동,13.15,13.89,245,232,397,0
회현동,13.15,7.38,246,394,397,0
개봉2동,13.11,13.06,247,283,397,0
창4동,13.09,14.05,248,220,397,0
아현동,13.05,18.32,249,85,397,0
신사1동,13.05,13.80,250,237,397,0
도림동,13.02,13.60,251,258,397,0
공항동,13.00,14.37,252,206,397,0
역촌동,12.99,13.31,253,269,397,0
창5동,12.98,16.90,254,110,397,0
증산동,12.93,12.77,255,303,397,0
응암1동,12.86,14.33,256,209,397,0
길동,12.85,14.88,258,184,397,0
방배4동,12.85,13.38,257,265,397,0
묵2동,12.83,13.24,259,273,397,0
창2동,12.80,14.00,261,222,397,0
번2동,12.80,13.55,260,261,397,0
사당3동,12.79,15.84,262,139,397,0
장지동,12.79,14.91,263,183,397,0
청량리동,12.73,10.55,264,383,397,0
진관동,12.71,16.98,265,107,397,0
성현동,12.67,14.50,266,200,397,0
장안2동,12.60,13.72,267,243,397,0
쌍문2동,12.55,12.67,268,312,397,0
중곡4동,12.42,14.04,269,221,397,0
서빙고동,12.41,12.22,270,344,397,0
암사2동,12.37,15.75,271,143,397,0
장위1동,12.33,14.16,272,214,397,0
목4동,12.30,15.75,274,144,397,0
화곡4동,12.30,13.06,273,284,397,0
신사2동,12.29,13.32,275,268,397,0
수색동,12.29,12.38,276,334,397,0
대림3동,12.24,13.24,277,274,397,0
답십리1동,12.24,12.75,278,305,397,0
정릉1동,12.23,12.86,279,294,397,0
화곡2동,12.23,12.47,280,324,397,0
가락2동,12.22,15.51,281,154,397,0
중화1동,12.22,13.92,282,227,397,0
홍제3동,12.22,12.56,283,317,397,0
고척1동,12.19,15.25,284,165,397,0
구산동,12.13,14.12,285,215,397,0
면목7동,12.09,13.74,286,241,397,0
신길3동,12.03,12.85,287,296,397,0
천연동,11.98,13.78,288,240,397,0
개포4동,11.96,14.46,292,202,397,0
자양3동,11.96,13.87,289,235,397,0
방배3동,11.96,13.70,291,245,397,0
월곡1동,11.96,11.90,290,355,397,0
세곡동,11.94,16.27,293,131,397,0
성내1동,11.93,13.64,294,253,397,0
무악동,11.91,10.01,295,388,397,0
거여1동,11.88,12.87,296,293,397,0
구로2동,11.87,12.45,297,325,397,0
길음1동,11.81,12.54,298,320,397,0
둔촌2동,11.75,14.10,299,217,397,0
북가좌1동,11.75,12.43,300,327,397,0
풍납1동,11.73,10.96,301,379,397,0
신길4동,11.72,16.49,302,121,397,0
청림동,11.70,12.60,303,314,397,0
방학1동,11.69,12.48,304,323,397,0
전농2동,11.68,12.12,305,350,397,0
남가좌1동,11.65,18.29,306,86,397,0
시흥5동,11.63,12.43,307,328,397,0
상계5동,11.61,12.69,308,310,397,0
홍은1동,11.60,14.08,309,219,397,0
대림1동,11.59,13.95,310,223,397,0
암사1동,11.59,12.82,311,299,397,0
면목4동,11.59,12.41,312,331,397,0
개봉1동,11.57,13.16,313,278,397,0
답십리2동,11.41,12.56,314,319,397,0
수궁동,11.40,12.31,315,339,397,0
용강동,11.40,10.82,316,381,397,0
방이1동,11.35,14.75,317,188,397,0
중계4동,11.33,15.27,320,164,397,0
천호1동,11.33,12.95,319,289,397,0
인수동,11.33,11.91,318,354,397,0
창3동,11.30,12.29,321,341,397,0
금호4가동,11.24,13.63,322,254,397,0
송파2동,11.23,15.19,323,172,397,0
반포본동,11.22,16.56,324,119,397,0
중계2·3동,11.20,14.41,325,205,397,0
신월5동,11.19,12.84,326,297,397,0
삼양동,11.19,12.08,327,351,397,0
발산1동,11.17,14.60,328,195,397,0
상계1동,11.14,14.19,329,213,397,0
망우본동,11.10,12.32,330,337,397,0
신정1동,11.08,12.96,331,288,397,0
길음2동,11.02,14.63,332,194,397,0
면목5동,11.00,12.03,333,352,397,0
부암동,10.99,12.36,334,335,397,0
시흥4동,10.97,11.85,336,358,397,0
신정7동,10.97,7.26,335,395,397,0
방배본동,10.94,13.66,337,251,397,0
거여2동,10.92,13.62,339,255,397,0
신내2동,10.92,10.07,338,387,397,0
도봉2동,10.91,12.92,340,291,397,0
대림2동,10.88,12.53,341,321,397,0
송천동,10.86,12.20,342,347,397,0
신정3동,10.82,13.10,343,280,397,0
신월1동,10.82,11.88,344,357,397,0
오금동,10.79,13.88,346,234,397,0
응봉동,10.79,12.59,345,316,397,0
창신3동,10.78,15.22,347,168,397,0
고척2동,10.76,12.82,348,298,397,0
마천2동,10.74,11.62,349,366,397,0
목1동,10.62,11.44,350,371,397,0
신내1동,10.60,12.28,351,342,397,0
잠실4동,10.56,10.44,352,384,397,0
시흥3동,10.52,11.89,353,356,397,0
신월3동,10.49,11.67,354,364,397,0
신정2동,10.48,13.68,355,246,397,0
신월2동,10.36,12.14,356,349,397,0
금호2·3가동,10.35,13.07,357,282,397,0
상일동,10.32,13.78,358,239,397,0
명일1동,10.32,12.42,360,330,397,0
상계3·4동,10.32,11.41,359,375,397,0
신길5동,10.31,12.53,361,322,397,0
개봉3동,10.27,11.98,362,353,397,0
이촌2동,10.22,9.86,363,389,397,0
도봉1동,10.20,11.41,364,373,397,0
난향동,10.18,11.75,365,361,397,0
옥수동,10.15,13.67,366,249,397,0
방학2동,10.14,12.43,367,329,397,0
반포4동,10.12,11.71,368,362,397,0
신월7동,10.09,12.73,369,306,397,0
상계9동,10.07,7.44,370,393,397,0
구로4동,10.06,10.43,371,385,397,0
수서동,10.01,12.93,372,290,397,0
방화3동,9.93,12.59,374,315,397,0
방화1동,9.93,12.30,373,340,397,0
장위3동,9.93,3.16,375,397,397,0
평창동,9.92,11.78,376,359,397,0
신월6동,9.91,11.58,377,367,397,0
고덕1동,9.86,13.06,378,285,397,0
마천1동,9.74,11.00,379,378,397,0
삼각산동,9.72,9.52,380,391,397,0
번3동,9.64,12.85,381,295,397,0
중계본동,9.62,14.54,382,199,397,0
시흥2동,9.59,12.20,383,346,397,0
개포2동,9.49,12.45,384,326,397,0
명일2동,9.48,17.67,385,94,397,0
신도림동,9.43,12.16,386,348,397,0
방학3동,9.41,12.69,387,309,397,0
고덕2동,9.35,11.68,388,363,397,0
응암2동,9.32,12.56,389,318,397,0
신월4동,9.29,11.64,390,365,397,0
쌍문4동,9.15,15.86,391,138,397,0
강일동,8.88,23.17,392,35,397,0
금호1가동,8.65,13.74,393,242,397,0
이촌1동,8.51,11.49,394,368,397,0
개포1동,8.26,15.38,395,160,397,0
대치1동,7.71,12.70,396,307,397,0
내곡동,7.33,9.71,397,390,397,0
